<BackupInst xmlns="http://www.microsoft.com/GroupPolicy/GPOOperations/Manifest"><GPOGuid><![CDATA[{1A6C5397-C866-4205-9821-ACBD114B16E0}]]></GPOGuid><GPODomain><![CDATA[dev.com]]></GPODomain><GPODomainGuid><![CDATA[{31ef0688-8d10-4afa-9175-0728d3aae69d}]]></GPODomainGuid><GPODomainController><![CDATA[devtest1.dev.com]]></GPODomainController><BackupTime><![CDATA[2020-11-05T00:42:43]]></BackupTime><ID><![CDATA[{D99A856A-35A8-4BA6-A1D7-B8D1674E72D5}]]></ID><Comment><![CDATA[]]></Comment><GPODisplayName><![CDATA[Member Servers]]></GPODisplayName></BackupInst>
