<BackupInst xmlns="http://www.microsoft.com/GroupPolicy/GPOOperations/Manifest"><GPOGuid><![CDATA[{92497B4F-95C8-4B26-8295-89E3987489CF}]]></GPOGuid><GPODomain><![CDATA[sos.lan]]></GPODomain><GPODomainGuid><![CDATA[{89a6e0cf-7bb3-4c97-9bd9-ed7bd5d40b36}]]></GPODomainGuid><GPODomainController><![CDATA[SOSDC1.sos.lan]]></GPODomainController><BackupTime><![CDATA[2021-08-23T19:30:43]]></BackupTime><ID><![CDATA[{9605D815-12E3-4F4C-BFD7-B580C9D6F2F8}]]></ID><Comment><![CDATA[]]></Comment><GPODisplayName><![CDATA[SOS - Smartcard Primary Credential]]></GPODisplayName></BackupInst>
