<Backups xmlns="http://www.microsoft.com/GroupPolicy/GPOOperations/Manifest" xmlns:mfst="http://www.microsoft.com/GroupPolicy/GPOOperations/Manifest" mfst:version="1.0"><BackupInst><GPOGuid><![CDATA[{95524DE9-72D3-42F0-A58F-C4EAD6AF685F}]]></GPOGuid><GPODomain><![CDATA[dev.com]]></GPODomain><GPODomainGuid><![CDATA[{31ef0688-8d10-4afa-9175-0728d3aae69d}]]></GPODomainGuid><GPODomainController><![CDATA[devtest1.dev.com]]></GPODomainController><BackupTime><![CDATA[2020-11-05T00:43:00]]></BackupTime><ID><![CDATA[{3873EFF7-64FE-47DD-9D58-B21E063E63F2}]]></ID><Comment><![CDATA[]]></Comment><GPODisplayName><![CDATA[Internet Explorer Users And Computer Settings]]></GPODisplayName></BackupInst></Backups>