<BackupInst xmlns="http://www.microsoft.com/GroupPolicy/GPOOperations/Manifest" xmlns:mfst="http://www.microsoft.com/GroupPolicy/GPOOperations/Manifest" mfst:SIPresent="true"><GPOGuid><![CDATA[{8BAC3357-552E-4FB2-AE85-F531F4842069}]]></GPOGuid><GPODomain><![CDATA[sos.lan]]></GPODomain><GPODomainGuid><![CDATA[{89a6e0cf-7bb3-4c97-9bd9-ed7bd5d40b36}]]></GPODomainGuid><GPODomainController><![CDATA[SOSDC1.sos.lan]]></GPODomainController><BackupTime><![CDATA[2021-08-23T19:30:41]]></BackupTime><ID><![CDATA[{33E34CBA-9B8A-4D84-B08C-48BBEEA87BC6}]]></ID><Comment><![CDATA[]]></Comment><GPODisplayName><![CDATA[SOS - Netbanner]]></GPODisplayName></BackupInst>
