<BackupInst xmlns="http://www.microsoft.com/GroupPolicy/GPOOperations/Manifest"><GPOGuid><![CDATA[{E99C4720-1025-4968-932A-1F0C65D6323C}]]></GPOGuid><GPODomain><![CDATA[dev.com]]></GPODomain><GPODomainGuid><![CDATA[{31ef0688-8d10-4afa-9175-0728d3aae69d}]]></GPODomainGuid><GPODomainController><![CDATA[devtest1.dev.com]]></GPODomainController><BackupTime><![CDATA[2020-11-05T00:17:18]]></BackupTime><ID><![CDATA[{F17F723F-1011-4ADF-BB03-424CA8351022}]]></ID><Comment><![CDATA[]]></Comment><GPODisplayName><![CDATA[Default Domain Controllers]]></GPODisplayName></BackupInst>
