<Backups xmlns="http://www.microsoft.com/GroupPolicy/GPOOperations/Manifest" xmlns:mfst="http://www.microsoft.com/GroupPolicy/GPOOperations/Manifest" mfst:version="1.0"><BackupInst><GPOGuid><![CDATA[{E58177AC-2845-4700-BE31-A3A1DA032E15}]]></GPOGuid><GPODomain><![CDATA[sos.lan]]></GPODomain><GPODomainGuid><![CDATA[{89a6e0cf-7bb3-4c97-9bd9-ed7bd5d40b36}]]></GPODomainGuid><GPODomainController><![CDATA[SOSDC1.sos.lan]]></GPODomainController><BackupTime><![CDATA[2021-08-23T19:30:47]]></BackupTime><ID><![CDATA[{989487D9-A80C-4C10-B2DF-5EDC45179A0C}]]></ID><Comment><![CDATA[]]></Comment><GPODisplayName><![CDATA[SOS - OneDrive]]></GPODisplayName></BackupInst></Backups>