<BackupInst xmlns="http://www.microsoft.com/GroupPolicy/GPOOperations/Manifest"><GPOGuid><![CDATA[{725EBF96-27BA-4671-8AAA-86F232FDC113}]]></GPOGuid><GPODomain><![CDATA[sos.lan]]></GPODomain><GPODomainGuid><![CDATA[{89a6e0cf-7bb3-4c97-9bd9-ed7bd5d40b36}]]></GPODomainGuid><GPODomainController><![CDATA[SOSDC1.sos.lan]]></GPODomainController><BackupTime><![CDATA[2021-08-23T19:30:38]]></BackupTime><ID><![CDATA[{E9B4787B-1E74-4F65-8252-2628BD427AE2}]]></ID><Comment><![CDATA[]]></Comment><GPODisplayName><![CDATA[SOS - Windows Defender Application Control - Enforced]]></GPODisplayName></BackupInst>
