<Backups xmlns="http://www.microsoft.com/GroupPolicy/GPOOperations/Manifest" xmlns:mfst="http://www.microsoft.com/GroupPolicy/GPOOperations/Manifest" mfst:version="1.0"><BackupInst><GPOGuid><![CDATA[{BE968CD0-58F7-43A5-8D00-78D48F8F9C38}]]></GPOGuid><GPODomain><![CDATA[sos.lan]]></GPODomain><GPODomainGuid><![CDATA[{89a6e0cf-7bb3-4c97-9bd9-ed7bd5d40b36}]]></GPODomainGuid><GPODomainController><![CDATA[SOSDC1.sos.lan]]></GPODomainController><BackupTime><![CDATA[2021-08-23T19:30:45]]></BackupTime><ID><![CDATA[{8AAE4999-4ED1-4635-B2B1-3EE0E203A4DB}]]></ID><Comment><![CDATA[]]></Comment><GPODisplayName><![CDATA[SOS - GPO Loopback]]></GPODisplayName></BackupInst></Backups>