<Backups xmlns="http://www.microsoft.com/GroupPolicy/GPOOperations/Manifest" xmlns:mfst="http://www.microsoft.com/GroupPolicy/GPOOperations/Manifest" mfst:version="1.0"><BackupInst><GPOGuid><![CDATA[{22DC44AC-DEDA-4481-9755-118CD73A1AFF}]]></GPOGuid><GPODomain><![CDATA[sos.lan]]></GPODomain><GPODomainGuid><![CDATA[{89a6e0cf-7bb3-4c97-9bd9-ed7bd5d40b36}]]></GPODomainGuid><GPODomainController><![CDATA[SOSDC1.sos.lan]]></GPODomainController><BackupTime><![CDATA[2021-08-23T19:30:15]]></BackupTime><ID><![CDATA[{F51C9F47-8466-4C05-A5EF-DEC808A7C089}]]></ID><Comment><![CDATA[]]></Comment><GPODisplayName><![CDATA[DoD - Internet Explorer 11 - User]]></GPODisplayName></BackupInst></Backups>