<?xml version="1.0" encoding="utf-8"?>
<RegistrySettings clsid="{A3CCFC41-DFDB-43a5-8D26-0FE8B954DA51}"><Registry clsid="{9CD4B2F4-923D-47f5-A062-E897DD1DAD50}" name="AutoShareServer" status="AutoShareServer" image="12" changed="2020-11-04 23:03:12" uid="{BFBB0ECF-BBD2-4EF3-A868-0F22D46141BB}"><Properties action="U" displayDecimal="1" default="0" hive="HKEY_LOCAL_MACHINE" key="SYSTEM\CurrentControlSet\Services\LanmanServer\Parameters" name="AutoShareServer" type="REG_DWORD" value="00000000"/></Registry>
	<Registry clsid="{9CD4B2F4-923D-47f5-A062-E897DD1DAD50}" name="AutoShareWks" status="AutoShareWks" image="12" changed="2020-11-04 23:05:29" uid="{697142A3-B8A6-456A-B427-E4417F208EA6}"><Properties action="U" displayDecimal="1" default="0" hive="HKEY_LOCAL_MACHINE" key="SYSTEM\CurrentControlSet\Services\LanmanServer\Parameters" name="AutoShareWks" type="REG_DWORD" value="FFFFFFFF"/></Registry>
	<Registry clsid="{9CD4B2F4-923D-47f5-A062-E897DD1DAD50}" name="DependOnService" status="DependOnService" image="7" changed="2020-11-04 23:06:50" uid="{9781722D-6496-4466-9882-8FD77EB4BC57}"><Properties action="U" displayDecimal="1" default="0" hive="HKEY_LOCAL_MACHINE" key="SYSTEM\CurrentControlSet\Services\LanmanWorkstation" name="DependOnService" type="REG_MULTI_SZ" value="Bowser MrxxSMB20 NSI"><Values><Value>Bowser</Value><Value>MrxxSMB20</Value><Value>NSI</Value></Values></Properties></Registry>
	<Registry clsid="{9CD4B2F4-923D-47f5-A062-E897DD1DAD50}" name="DisableLogonBackgroundImage" status="DisableLogonBackgroundImage" image="12" changed="2020-11-04 23:22:13" uid="{DB081EF3-55E6-48A7-8684-97C5E56DE05F}"><Properties action="U" displayDecimal="0" default="0" hive="HKEY_LOCAL_MACHINE" key="software\policies\microsoft\windows\system" name="DisableLogonBackgroundImage" type="REG_DWORD" value="00000001"/></Registry>
	<Registry clsid="{9CD4B2F4-923D-47f5-A062-E897DD1DAD50}" name="Enabled" status="Enabled" image="12" changed="2020-11-04 23:21:12" uid="{C64CCC2B-EF21-4BAD-B109-829B463E6F91}"><Properties action="U" displayDecimal="0" default="0" hive="HKEY_LOCAL_MACHINE" key="software\microsoft\windows script host" name="Enabled" type="REG_DWORD" value="00000000"/></Registry>
	<Registry clsid="{9CD4B2F4-923D-47f5-A062-E897DD1DAD50}" name="NoLockScreen" status="NoLockScreen" image="7" changed="2020-11-04 23:11:13" uid="{A0B1BD3C-9248-470E-93EE-F38B53FF43A7}"><Properties action="U" displayDecimal="1" default="0" hive="HKEY_LOCAL_MACHINE" key="SOFTWARE\Policies\Microsoft\Windows\System" name="NoLockScreen" type="REG_SZ" value=""/></Registry>
	<Registry clsid="{9CD4B2F4-923D-47f5-A062-E897DD1DAD50}" name="restrictanonymousesam" status="restrictanonymousesam" image="12" changed="2020-11-04 23:20:26" uid="{E7C5EC20-EA80-43AA-AA12-D834E536719A}"><Properties action="U" displayDecimal="0" default="0" hive="HKEY_LOCAL_MACHINE" key="system\currentcontrolset\control\lsa" name="restrictanonymousesam" type="REG_DWORD" value="00000001"/></Registry>
	<Registry clsid="{9CD4B2F4-923D-47f5-A062-E897DD1DAD50}" name="smb1" status="smb1" image="12" changed="2020-11-04 23:19:54" uid="{2445D0CD-6B1D-4199-A7DB-5031D331ABAD}"><Properties action="U" displayDecimal="0" default="0" hive="HKEY_LOCAL_MACHINE" key="system\currentcontrolset\services\lanmanserver\parametrs" name="smb1" type="REG_DWORD" value="00000000"/></Registry>
	<Registry clsid="{9CD4B2F4-923D-47f5-A062-E897DD1DAD50}" name="TimeZoneKeyName" status="TimeZoneKeyName" image="7" changed="2020-11-04 23:18:59" uid="{3635A131-A464-4202-907E-8E7085428645}"><Properties action="U" displayDecimal="1" default="0" hive="HKEY_LOCAL_MACHINE" key="SYSTEM\CurrentControlSet\Control\TimeZoneInformation" name="TimeZoneKeyName" type="REG_SZ" value="Eastern Standard Time"/></Registry>
	<Registry clsid="{9CD4B2F4-923D-47f5-A062-E897DD1DAD50}" name="UserLogonCredential" status="UserLogonCredential" image="12" changed="2020-11-04 23:17:49" uid="{4325A15F-DF19-43A2-8280-F269AE3CED18}"><Properties action="U" displayDecimal="1" default="0" hive="HKEY_LOCAL_MACHINE" key="SYSTEM\CurrentControlSet\Control\SecurityProviders\WDigest" name="UserLogonCredential" type="REG_DWORD" value="00000000"/></Registry>
	<Registry clsid="{9CD4B2F4-923D-47f5-A062-E897DD1DAD50}" name="WpadOverride" status="WpadOverride" image="12" changed="2020-11-04 23:16:44" uid="{C46562A6-E9F2-40F7-A799-F3830E111C60}"><Properties action="U" displayDecimal="0" default="0" hive="HKEY_LOCAL_MACHINE" key="SOFTWARE\Microsoft\Windows\CurrentVersion\Internet Settings\Wpad" name="WpadOverride" type="REG_DWORD" value="00000001"/></Registry>
</RegistrySettings>
