<Backups xmlns="http://www.microsoft.com/GroupPolicy/GPOOperations/Manifest" xmlns:mfst="http://www.microsoft.com/GroupPolicy/GPOOperations/Manifest" mfst:version="1.0"><BackupInst><GPOGuid><![CDATA[{CF71F8F3-B766-49FB-BC00-A66087CB0A1B}]]></GPOGuid><GPODomain><![CDATA[dev.com]]></GPODomain><GPODomainGuid><![CDATA[{31ef0688-8d10-4afa-9175-0728d3aae69d}]]></GPODomainGuid><GPODomainController><![CDATA[devtest1.dev.com]]></GPODomainController><BackupTime><![CDATA[2020-11-04T23:26:26]]></BackupTime><ID><![CDATA[{36C889DF-A29E-4936-9774-2A966C67503A}]]></ID><Comment><![CDATA[]]></Comment><GPODisplayName><![CDATA[Default Domain Policy]]></GPODisplayName></BackupInst></Backups>